Rating,Score
0,7.64
0,6.97
0,6.93
0,7.16
0,6.63
0,6.8
0,6.89
0,5.98
0,7.62
0,6.43
0,7.29
0,7.12
0,7.95
0,8.66
0,7.67
0,7.36
0,6.99
0,8.22
0,8.25
0,8.22
0,7.08
0,7.18
0,6.5
0,7.84
0,8.17
0,7.01
0,7.43
0,7.3
0,6.75
0,7.32
0,7.1
0,7.07
0,6.95
0,6.1
0,7.78
0,7.23
0,7.56
0,6.78
0,6.61
0,7.3
0,6.84
0,6.43
0,7.31
0,7.03
0,8.05
0,6.69
0,8.04
0,8.11
0,7.01
0,6
0,7.14
0,7.05
0,8
0,6.4
0,7.81
0,6.74
0,7.08
0,5.11
0,6.61
0,6.93
0,6.65
0,6.31
0,7.92
0,7.38
0,7.14
0,8.48
0,7.44
0,6.77
0,7.67
0,6.89
0,5.65
0,6.55
0,6.65
0,7.34
0,7.24
0,7.96
0,7.32
0,6.46
0,6.49
0,7.32
0,5.96
0,7.84
0,6.97
0,6.3
0,7.3
0,7.15
0,8.01
0,7.58
0,6.7
0,7.42
0,7.79
0,7.32
0,7.58
0,6.24
0,6.06
0,6.66
0,7.54
0,6.57
0,7.73
0,6.37
0,5.86
0,8.05
0,6.94
0,7.2
0,7.89
0,6.47
0,6.19
0,6.52
0,6.23
0,7.67
0,6.76
0,7.26
0,7.39
0,7.4
0,7.28
0,6.83
0,6.84
0,7.5
0,6.86
0,6.46
1,6.94
1,6.55
1,8.78
1,6.1
1,8.16
1,6.76
1,6.69
1,7.63
1,8.21
1,7.47
1,7.84
1,8.26
1,7.15
1,7.37
1,7.64
1,7.77
1,7.19
1,7.3
1,7.22
1,7.08
1,7.63
1,7.34
1,7.08
1,6.9
1,7.15
1,6.74
1,6.96
1,6.93
1,7.08
1,6.91
1,7.5
1,6.56
1,7.23
1,6.83
1,7.31
1,6.48
1,6.77
1,7.11
1,7.26
1,6.94
1,6.7
1,7.06
1,6.55
1,7.14
1,6.38
1,6.43
1,6.78
1,6.87
1,6.41
1,6.51
1,6.89
1,6.05
1,6.55
1,6.29
1,6.48
1,7.29
1,7.5
1,7.1
1,6.47
1,7.45
1,6.89
1,6.26
1,6.35
1,6.5
1,6.88
1,6.53
1,7.2
1,6.54
1,6.87
1,7.02
1,6.65
1,4.56
1,6.49
1,6.85
1,6.96
1,6.38
1,6.41
1,6.98
1,6.61
1,5.76
1,6.56
1,6.45
1,6.02
1,6.42
1,6.66
1,6.29
1,7.38
1,7.07
1,7.41
1,6.91
1,7.53
1,6.49
1,7.65
1,6.87
1,7.11
1,7.17
1,7.56
1,6.14
1,7.57
1,6.02
1,6.52
2,8.22
2,7.25
2,7.92
2,8
2,8.16
2,7.99
2,7.86
2,7.89
2,7.91
2,7.48
2,8.35
2,8.29
2,6.95
2,7.29
2,7.32
2,7.26
2,7.11
2,7.4
2,7.17
2,7.41
2,7.62
2,7.99
2,7.33
2,6.31
2,8.03
2,7.26
2,7.41
2,7.97
2,7.76
2,8.01
2,7.96
2,6.76
2,7.24
2,7.9
2,6.68
2,7.66
2,6.62
2,6.77
2,7.69
2,7.74
2,7.34
2,7.74
2,7.57
2,7.79
2,7.42
2,7.28
2,7.16
2,7.28
2,6.4
2,7.19
2,7.25
2,6.79
2,7.37
2,7.9
2,6.79
2,6.93
2,7.26
2,6.78
2,7.69
2,7.94
2,7.61
2,6.92
2,7.58
2,8.08
2,8.41
2,6.81
2,7.59
2,6.76
2,8.02
2,7.75
2,6.94
2,7.29
2,6.28
2,8.67
2,7.39
2,7.44
2,7.38
2,7.36
2,8.54
2,7.2
2,6.59
2,7.52
2,7.17
2,7.39
2,7.67
2,6.32
2,8.33
2,8.16
2,7.9
2,7.1
2,7.21
2,7.31
2,7.18
2,7.11
2,6.82
2,7.8
2,7.13
2,7.63
2,7.53
2,6.85
2,7.49
2,7.96
2,6.48
2,8.03
2,6.59
2,8.06
2,7.34
2,7.63
2,6.93
2,7.22
2,7.86
2,7.54
2,7.63
2,7.03
2,7.81
2,7.79
2,6.61
2,8.76
2,6.73
2,7.92
2,6.65
2,7.29
2,6.71
2,6.74
2,7
2,7.03
2,7.47
2,6.58
2,7.64
2,6.78
2,6.41
2,6.69
2,6.56
2,6.59
2,7.54
2,7.11
2,7.72
2,6.69
2,7.67
2,6.94
2,8.26
2,7.44
2,7.25
2,6.19
2,8.33
2,7.55
2,7.22
2,7.01
2,6.67
2,5.65
2,7.45
2,6.19
2,6.17
2,6.57
2,6.62
2,6.66
2,6.56
2,7.14
2,7.03
2,7.97
2,7.18
2,6.79
2,8.46
2,7.06
2,7.12
2,7.67
2,7.8
2,7.65
2,7.26
2,6.45
2,7.23
2,6.9
2,6.74
2,6.66
2,6.11
2,7.91
2,7.47
2,6.07
2,8.2
2,7.11
2,6.19
2,6.69
2,7.67
2,7.8
2,6.96
2,8.66
2,7.11
2,6.6
2,6.6
2,7.09
2,7.72
2,7.48
2,7.19
2,7.29
2,7.63
2,7.43
2,6.61
2,6.08
2,7.35
2,6.76
2,7.69
2,7.71
2,7.29
2,7.52
2,6.92
2,7.09
2,7.73
2,7.89
2,7.73
2,8.02
2,7.27
2,6.87
2,6.77
2,6.27
2,6.86
2,6.65
2,7.32
2,7.08
2,7.53
2,7.86
2,6.32
2,7.37
2,5.61
2,6.31
2,6.12
2,6.9
2,7.57
2,7.47
2,6.58
2,7.43
2,6.78
2,6.97
2,6.96
2,7.32
2,6.54
2,6.95
2,7.16
2,6.42
2,6.64
2,6.84
2,7.06
2,6.69
2,6.86
2,7.35
2,7.29
2,7.03
2,6.63
2,6.08
2,7.07
2,6.53
2,7.08
2,6.73
2,6.87
2,7.5
2,7.42
2,6.49
2,6.35
2,7.22
2,6.33
2,8.13
2,7.25
2,7.72
2,6.54
2,7
2,8.27
2,6.19
2,6.6
2,7.85
2,6.64
2,6.89
2,7.41
2,7.93
2,7.83
2,6.87
2,7.3
2,6.78
2,8.16
2,6.37
2,6.41
2,6.52
2,7.14
2,7.28
2,7.99
2,7.83
2,6.47
2,8.16
2,7.28
2,6.71
2,7.98
2,6.59
2,7.16
2,7.31
2,7.31
2,7.31
2,7.06
2,6.87
2,7.05
2,7.29
2,7.44
2,7.55
2,7.18
2,7.71
2,6.25
2,6.35
2,6.82
2,7.58
2,6.98
2,7.3
2,6.32
2,6.32
2,8.94
2,6.59
2,6.37
2,7.06
2,7.03
2,6.87
2,7.23
2,6.69
2,6.83
2,7.89
2,7.13
2,7.1
2,7.22
2,7.58
2,6.53
2,6.51
2,7.08
2,7.94
2,7.69
2,7
2,7.69
2,6.55
2,7.51
2,6.59
2,7.41
2,7.73
2,7.58
2,7.63
2,7.66
2,7.1
2,6.76
2,6.5
2,8
2,5.99
2,8.25
2,7
2,6.33
2,7.48
2,5.61
2,7.45
2,7.2
2,7.29
2,6.77
2,6.22
2,7.53
2,7.24
2,7.33
2,7.74
2,7.55
2,7.96
2,6.64
2,7.08
2,6.77
2,7.05
2,7.2
2,6.79
2,7.14
2,6.95
2,7.06
2,8.2
2,7.19
2,6.87
2,6.89
2,6.18
2,6.6
2,6.59
2,6.64
2,6.93
2,7.2
2,7.34
2,7.3
2,7.81
2,6.44
2,7
2,6.63
2,7.03
2,6.44
2,6.5
2,6.5
2,7.22
2,6.63
2,7.23
2,5.42
2,6.05
2,6.78
2,7.62
2,7.55
2,6.86
2,6.92
2,7.25
2,7.52
2,6.29
2,5.71
2,6.41
2,6.58
2,7.73
2,6.36
2,5.16
2,7.27
2,7.54
2,7.73
2,6.45
2,7.16
2,5.91
2,8.03
2,7.12
2,7.54
2,7.22
2,6.96
2,7.18
2,6.93
2,7.25
2,7.63
2,7.04
2,7.12
2,7.77
2,8.15
2,7.28
2,5.87
2,6.66
2,7.26
2,6.39
2,7.71
2,6.57
2,7.91
2,7.37
2,8.02
2,8.06
2,6.63
2,7.07
2,6.61
2,7.01
2,6.79
2,7.73
2,5.23
2,7.95
2,6.64
2,7.3
2,6.17
2,7.09
2,6.58
2,6.82
2,7.03
2,7.55
2,8.06
2,7.03
2,6.36
2,7.76
2,6.95
2,7.09
2,7.45
2,7.42
2,5.98
2,6.21
2,6.24
2,7
2,5.26
2,6.79
2,8.13
2,7.6
2,6.34
2,7.07
2,6.85
2,7.59
2,6.76
2,4.1
2,6.4
2,6.51
2,7.26
2,5.83
2,7.43
2,6.51
2,6.47
2,7.59
2,4.93
2,6.52
2,6.91
2,6.91
2,6.19
2,7.72
2,7.22
2,6.79
2,7.37
2,7.14
2,7.08
2,6.39
2,8.26
2,7.1
2,7.09
2,7.38
2,6.55
2,6.88
2,6.71
2,6.88
2,5.5
2,6.16
2,6.99
2,7.07
2,6.89
2,6.91
2,6.38
2,6.57
2,7.03
2,6.71
2,6.4
2,7.63
2,7.37
2,7.77
2,7.34
2,8.14
2,6.84
2,6.53
2,6.78
2,7.41
2,7.2
2,7.45
2,7.74
2,6.58
2,6.02
2,7.03
2,6.72
2,7.04
2,7.84
2,6.93
2,6.71
2,7.42
2,6.76
2,6.01
2,7.05
2,7.06
2,6.86
2,6.42
2,7.18
2,7.08
2,6.96
2,7.07
2,6.46
2,6.36
2,7.04
2,8.63
2,7.52
2,7.03
2,7.37
2,7.38
2,7.52
2,7.22
2,6.48
2,8.03
2,7.19
2,5.45
2,4.81
2,6.15
2,5.74
2,7.35
2,6.51
2,6.67
2,6.63
2,6.23
2,6.06
2,7.67
2,6.53
2,7.32
2,7.29
2,6.98
2,7.02
2,7.75
2,7.2
2,7.88
2,7.89
2,6.6
2,6.75
2,8
2,5.84
2,6.29
2,7.09
2,6.64
2,6.5
2,6.86
2,7.26
2,7.12
2,6.69
2,7.78
2,6.27
2,5.53
2,6.58
2,6.37
2,7.78
2,5.95
2,7.24
2,7.01
2,5.36
2,7.2
2,5.35
2,7.43
2,6.4
2,6.09
2,5.55
2,5.89
2,7.29
2,6.11
2,6.32
2,5.85
2,7.11
2,6.43
2,6.59
2,6.12
2,5.3
2,7.09
2,7.41
2,6
2,7.94
2,6.59
2,5.7
2,6.65
2,6.22
2,5.97
2,6.62
2,6.74
2,6.91
2,6.82
2,5.62
2,7.56
2,3.21
2,6.6
2,5.86
2,5.35
2,7.42
2,7.89
2,7.12
2,7.28
2,7.17
2,6.68
2,6.67
2,8.22
2,4.95
2,4.5
2,7.31
2,7.19
2,6.26
2,6.73
2,7.27
2,7.5
2,7.01
2,7.53
2,6.92
2,7.13
2,5.94
2,7.08
2,7.07
2,6.51
2,7.11
2,7
2,7.19
2,6.84
2,7
2,7.33
2,6.52
2,6.38
2,6.88
2,7.2
2,7.51
2,7.89
2,7.84
2,7.15
2,5.27
2,5.36
2,7.82
2,7.44
2,6.8
2,7.41
2,7.26
2,6.94
2,7.42
2,4.28
2,7.89
2,7.28
2,7.44
2,7.42
2,6.68
2,7.01
2,7.29
2,7.93
2,6.8
2,8.31
2,6.95
2,7.92
2,8.16
2,6.99
2,7.65
2,8.93
2,7.67
2,5.78
2,6.34
2,5.96
2,6.9
2,8.08
2,6.77
2,7.22
2,6.94
2,7.28
2,7.8
2,6.79
2,7.24
2,7.27
2,7.32
2,8.08
2,7.19
2,7.1
2,6.97
2,7.71
2,7.28
2,5.34
2,6.7
2,7.01
2,7.16
2,7.27
2,6.12
2,7.46
2,7.38
2,7.27
2,7.05
2,8.55
2,6.18
2,8.32
2,6.9
2,7.33
2,6.43
2,7.13
2,7.19
2,7.66
2,7.24
2,7.05
2,7.21
2,7.95
2,7.85
2,8.03
2,6.72
2,7.7
2,6.54
2,7.31
2,6.85
2,7.26
2,7.05
2,7.31
2,7.09
2,7.18
2,8
2,7.57
2,7.1
2,7.97
2,6.37
2,8.01
2,7.67
2,7.38
2,6.93
2,7.33
2,8.1
2,7.52
2,7.78
2,7.55
2,7.25
2,8
2,7.61
2,7.13
2,8.06
2,7.34
2,7.51
2,7.57
2,7.25
2,7.57
2,6.32
2,7.51
2,7.54
2,8.2
2,7.84
2,6.98
2,6.32
2,7.57
2,7.13
2,7.65
2,7.72
2,8.01
2,7.9
2,6.3
2,8.61
2,7.06
2,7.98
2,7.77
2,7.61
2,7.56
2,7.31
2,8.19
2,7.97
2,7.17
2,8.17
2,7.37
2,4.41
2,7.46
2,7.87
2,7.37
2,8.11
2,7.76
2,5.85
2,7.42
2,7.73
2,7.45
2,7.04
2,6.77
2,7.43
2,7.45
2,6.49
2,7.68
2,7.66
2,7.41
2,6.8
2,7.29
2,7.44
2,6.96
2,7.4
2,7.15
2,7.19
2,7.61
2,6.63
2,7.55
2,7.72
2,8.09
2,7.41
2,7.28
2,6.51
2,9.07
2,7.91
2,6.92
2,6.91
2,7.12
2,6.32
2,7.13
2,7.57
2,6.47
2,7.2
2,7.86
2,7.8
2,6.08
2,8.35
2,7.98
2,6.95
2,7.85
2,7.57
2,7.58
2,6.55
2,8.36
2,7.52
2,6.94
2,6.1
2,7.18
2,7.5
2,7.65
2,6.62
2,7.85
2,7.14
2,7.17
2,8.31
2,6.4
2,7.34
2,8.35
2,7.52
2,7.94
2,6.44
2,7.88
2,6.59
2,8.36
2,7.18
2,8.46
2,6.28
2,7.48
2,6.44
2,7.29
2,7.03
2,7.07
2,7.73
2,7.47
2,8.57
2,5.59
2,7.2
2,7.08
2,7.03
2,7.34
2,7.57
2,7.45
2,7.82
2,6.77
2,7.5
2,7.46
2,6.76
2,7.06
2,7.17
2,6.61
2,7.32
2,7.42
2,7.52
2,7.49
2,7.58
2,6.95
2,8.18
2,7.29
2,6.83
2,8.29
2,6.62
2,7.39
2,9.04
2,6.85
2,7.85
2,7.26
2,6.9
2,7.39
2,7.77
2,7.93
2,7.28
2,6.8
2,7.44
2,7.19
2,7.42
2,6.1
2,8.45
2,7.26
2,8.64
2,7.58
2,7.03
2,6.44
2,7.2
2,7.23
2,7.02
2,6.99
2,8.24
2,7.75
2,7.38
2,8.21
2,8.37
2,8.47
2,7.36
2,8.33
2,7.37
2,7.31
2,8.09
2,7.36
2,6.99
2,8.08
2,6.97
2,7.48
2,6.93
2,6.45
2,6.94
2,8.58
2,6.13
2,7.82
2,8.5
2,6.71
2,6.65
2,7.96
2,5.76
2,8.31
2,6.42
2,7.45
2,7.18
2,7.26
2,8.14
2,7.15
2,7.66
2,5.32
2,6.26
2,7.16
2,7.6
2,6.65
2,7.47
2,7.27
2,6.78
2,7.29
2,7.54
2,7.68
2,7.27
2,7.48
2,7.32
2,7.48
2,6.92
2,7.68
2,6.77
2,8.08
2,7.91
2,7.52
2,7.84
2,7.48
2,7.41
2,6.9
2,8.38
2,7.43
2,8.02
2,6.66
2,7.4
2,7.17
2,7.03
2,8.1
2,7.71
2,6.93
2,7.1
2,8.01
2,7.1
2,7.03
2,7.24
2,6.25
2,6.3
2,6.56
2,7.63
2,7.29
2,7.85
2,7.41
2,5.99
2,7.25
2,7.68
2,6.29
2,7.42
2,7.16
2,8.22
2,7.44
2,7.13
2,7.17
2,6.75
2,5.95
2,6.7
2,7.39
2,7.24
2,7.22
2,7.46
2,7.75
2,6.15
2,7.33
2,6.17
2,7.36
2,7.93
2,7.43
2,7.09
2,7.97
2,6.14
2,6.92
2,5.86
2,7.31
2,6.19
2,7.39
2,7.45
2,7.4
2,8.11
2,8
2,7.23
2,7
2,7.89
2,7.79
2,7.01
2,7.64
2,8.09
2,7.49
2,7.02
2,7.93
2,7.46
2,6.84
2,7.3
2,7.33
2,7.94
2,7.32
2,6.3
2,7.1
2,8.07
2,6.2
2,6.53
2,6.86
2,6.54
2,7.74
2,7.84
2,6.73
2,7.44
2,7.33
2,6.83
2,7.61
2,6.75
2,8.22
2,7.63
2,7.73
2,7.94
2,8.19
2,7.29
2,6.47
2,7.16
2,7.11
2,6.78
2,7.33
2,8.18
2,6.24
2,7.55
2,8.04
2,6.33
2,7.35
2,7.57
2,7
2,7.77
2,7.66
2,7.16
2,7.16
2,6.25
2,8.27
2,7.19
2,7
2,6.6
2,7.78
2,7.63
2,6.37
2,7.71
2,5.97
2,8.08
2,6.55
2,7.51
2,6.86
2,6.96
2,6.17
2,7.88
2,7.77
2,7.2
2,7.22
2,7.95
2,7.22
2,6.48
2,7.38
2,6.07
2,8.44
2,7.35
2,7.41
2,6.86
2,7.16
2,7.05
2,7.3
2,7.19
2,6.43
2,7.17
2,6.84
2,7.49
2,7.53
2,7.67
2,7.12
2,7.01
2,5.88
2,6.83
2,7.13
2,7.01
2,7.44
2,7.03
2,7.92
2,6.4
2,7.32
2,7.48
2,6.73
2,7.1
2,6.7
2,8.7
2,7.64
2,7.65
2,6.86
2,7.6
2,8.62
2,7.46
2,6.88
2,5.56
2,7.62
2,6.5
2,7.57
2,8.38
2,7.13
2,6.69
2,6.02
2,5.42
2,6.46
2,6.85
2,6.76
2,7.56
2,7.5
2,8.65
2,7.48
2,7.83
2,6.39
2,7.57
2,8.26
2,6.05
2,7.38
2,7.17
2,6.72
2,8.18
2,7.04
2,7.67
2,6.48
2,8.21
2,7.17
2,5.49
2,7.19
2,6.62
2,8.07
2,7.58
2,7.29
2,6.03
2,6.79
2,8.43
2,6.14
2,8.73
2,6.43
2,6.8
2,8.09
2,6.76
2,7.92
2,6.81
2,8.03
2,7.71
2,6.69
2,7.06
2,7.06
2,6.51
2,5.85
2,6.32
2,7.04
2,6.27
2,7.38
2,7.26
2,7.62
2,8.21
2,7.44
2,7.36
2,8.28
2,6.75
2,6.59
2,7.96
2,6.66
2,6.72
2,7.04
2,7.17
2,7.45
2,7.71
2,6.83
2,6.47
2,7.91
2,7.35
2,8.04
2,7.25
2,6.65
2,7.9
2,7.26
2,8
2,7.56
2,7.27
2,6.58
2,7.55
2,6.5
2,8.16
2,6.8
2,6.52
2,7.91
2,7.16
2,6.65
2,6.89
2,7.28
2,5.88
2,7.2
2,6.91
2,8.15
2,7.55
2,7.83
2,7.4
2,7.5
2,6.06
2,8.25
2,6.68
2,7.11
2,6.56
2,8.94
2,6.21
2,8.63
2,9.06
2,4.71
2,7.75
2,6.81
2,7.04
2,6.87
2,6.84
2,7.78
2,7.57
2,7.06
2,7.97
2,7.33
2,6.04
2,7.76
2,7.16
2,5.28
2,8.29
2,6.88
2,6.88
2,5.71
2,6.97
2,7.56
2,7.87
2,8.53
2,8.16
2,6.82
2,6.7
2,8.49
2,7.43
2,7.22
2,6.54
2,7.42
2,6.48
2,7.01
2,8.11
2,6.33
2,7.26
2,7.24
2,6.89
2,7.9
2,5.48
2,6.53
2,4.76
2,6.66
2,6.42
2,7.97
2,7.14
2,6.31
2,7.22
2,7.71
2,5.84
2,6.31
2,7.2
2,7.51
2,6.71
2,7.27
2,7.02
2,6.86
2,6.55
2,6.66
2,7.3
2,6.66
2,7.49
2,6.9
2,7.1
2,7.05
2,7.15
2,6.63
2,6.5
2,6.24
2,4.63
2,6.61
2,7.06
2,8.38
2,7.47
2,6.83
2,7.75
2,7
2,7.19
2,6.62
2,7.65
2,7.38
2,6.31
2,7.5
2,5.99
2,6.9
2,7.19
2,7.57
2,7.89
2,8.3
2,6.74
2,7.05
2,6.46
2,7.25
2,6.06
2,7.03
2,7.83
2,7.3
2,7.45
2,6.94
2,7.28
2,8.49
2,6.5
2,6.62
2,8.85
2,8.09
2,7.84
2,6.45
2,6.67
2,7.16
2,7.39
2,7.55
2,7.62
2,6.85
2,5.33
2,6.82
2,5.59
2,7.36
2,7.75
2,7.54
2,6.25
2,6.93
2,7.42
2,7.62
2,7.61
2,7.05
2,7.6
2,8.19
2,6.1
2,7.06
2,6.97
2,6.36
2,8.11
2,7.12
2,8.78
2,6.21
2,8.27
2,5.71
2,7.62
2,6.05
2,5.96
2,6.89
2,7.64
2,5.27
2,7.9
2,6.36
2,6.31
2,7.26
2,6.73
2,6.83
2,6.42
2,7.12
2,6.4
2,7.51
2,7.05
2,7.63
2,7.22
2,6.8
2,7.56
2,7.41
2,5.25
2,6.64
2,6.46
2,5.8
2,7.83
2,6.97
2,6.84
2,7.97
2,8.42
2,7.02
2,7.66
2,8.67
2,6.81
2,6.25
2,7.48
2,6.89
2,6.93
2,8.11
2,6.74
2,7.12
2,7.67
2,7.35
2,6.81
2,7.3
2,6.71
2,8.2
2,5.94
2,6.13
2,7.21
2,5.87
2,5.91
2,7.54
2,6.96
2,7.39
2,8.24
2,6.5
2,7.31
2,7.34
2,7.08
2,7.04
2,7.07
2,6.61
2,6.36
2,7.03
2,6.54
2,7.46
2,6.76
2,7.7
2,7.28
2,6.73
2,7.1
2,6.45
2,6.29
2,7.49
2,6.37
2,7.68
2,5.11
2,7.39
2,6.46
2,6.09
2,6.43
2,6.08
2,7.36
2,6.3
2,6.06
2,8.14
2,7.19
2,7.27
2,6.58
2,8.18
2,6.52
2,6.87
2,8.06
2,6.96
2,6.64
2,6.68
2,7.3
2,6.75
2,6.46
2,7.56
2,7.71
2,6.5
2,7.58
2,7.49
2,6.09
2,7
2,8.06
2,7.88
2,7.41
2,7.8
2,7.4
2,6.19
2,6.63
2,6.47
2,8.93
2,7.75
2,6.15
2,7.49
2,5.75
2,5.39
2,5.7
2,6.54
2,5.83
2,7.28
2,6.48
2,6.42
2,7.32
2,7.97
2,7.28
2,7.51
2,7.16
2,6.37
2,6.27
2,8.2
2,7.67
2,7.86
2,7.01
2,8.39
2,6.79
2,8.11
2,7.24
2,8.19
2,7.74
2,6.23
2,6.51
2,8.01
2,7.98
2,7.85
2,6.61
2,5.69
2,8.2
2,6.51
2,7.12
2,7.93
2,7.21
2,8.4
2,8.13
2,7.7
2,6.61
2,7.57
2,6.66
2,6.5
2,5.66
2,5.37
2,7.55
2,7.35
2,6.83
2,7.68
2,8.56
2,6.42
2,7.71
2,7.47
2,6.37
2,8.14
2,6.1
2,7.29
2,6.62
2,6.81
2,8.04
2,5.76
2,7.57
2,7
2,6.3
2,6.48
2,5.33
2,6.07
2,5.34
2,8.41
2,6.74
2,7.66
2,6.95
2,7.6
2,7.53
2,6.85
2,6.77
2,6
2,6.7
2,7.56
2,6.64
2,8.16
2,7.96
2,7.4
2,8.25
2,7.55
2,7.62
2,7.79
2,6.45
2,7.56
2,5.95
2,6.88
2,6.86
2,6.94
2,6.85
2,5.78
2,7.17
2,6.62
2,7.23
2,7.44
2,5.13
2,8.47
2,7.28
2,6.33
2,7.49
2,8.14
2,7.87
2,6.03
2,5.69
2,7.14
2,8.24
2,6.73
2,6.71
2,7.16
2,7.52
2,6.69
2,5.53
2,8.8
2,7.44
2,6.42
2,5.83
2,7.16
2,7.09
2,6.66
2,7.38
2,6.18
2,7.23
2,6.52
2,7.9
2,7.67
2,4.6
2,7.43
2,6.57
2,6.87
2,5.47
2,7.67
2,7.57
2,8.39
2,7.59
2,8.9
2,6.52
2,6.15
2,8.41
2,6.58
2,7.34
2,6.69
2,6.67
2,6.63
2,6.93
2,6.92
2,7.92
2,7.94
2,6.85
2,7.58
2,6.11
2,7.22
2,7.66
2,7.73
2,6.06
2,5.53
2,7.28
2,5.5
2,6.8
2,6.3
2,6.7
2,6.84
2,8.6
2,5.76
2,6.76
2,7.91
2,5.82
2,5.1
2,7.39
2,7.32
2,6.18
2,6.03
2,7.47
2,5.93
2,7.61
2,7.71
2,5.59
2,7.71
2,8.22
2,8.29
2,6.53
2,6.79
2,7.34
2,7.33
2,7.85
2,6.72
2,7.38
2,7.54
2,8.29
2,6.26
2,5.37
2,8.36
2,8.42
2,6.19
2,6.52
2,7.23
2,6.73
2,7.1
2,6.53
2,7.26
2,6.61
2,5.79
2,7.65
2,7.13
2,8.08
2,6.06
2,6.79
2,6.5
2,7.58
2,6.88
2,8
2,9.04
2,6.52
2,4.72
2,6.96
2,7.84
2,6.86
2,6.55
2,8.36
2,8.39
2,7.98
2,6.07
2,7.15
2,7.35
2,6.55
2,6.78
2,6.57
2,7.42
2,8.41
2,7.1
2,8.13
2,8.38
2,6.35
2,5.82
2,7.74
2,6.94
2,6.89
2,5.77
2,7.36
2,6.88
2,7.34
2,7.37
2,7.82
2,5.8
2,7.19
2,5.37
2,7.03
2,7.15
2,7.55
2,7.83
2,7.29
2,7.02
2,6.87
2,7.57
2,7.98
2,5.79
2,8.55
2,7.46
2,6.87
2,7.28
2,6.41
2,7.07
2,7.12
2,7.26
2,6.47
2,6.87
2,8.64
2,6.34
2,6.65
2,7.89
2,7.69
2,6.14
2,7.43
2,7.99
2,6.23
2,8.37
2,7.11
2,6.02
2,7.04
2,5.62
2,8.54
2,5.85
2,8.41
2,8.11
2,8.55
2,8.17
2,7.42
2,7.51
2,7.57
2,7.81
2,5.83
2,6.83
2,7.23
2,7.53
2,7.96
2,6.35
2,7
2,6.59
2,7.31
2,6.98
2,7.07
2,8.15
2,6.5
2,7.16
2,7.11
2,8.33
2,7.79
2,7.11
2,6.98
2,6.08
2,6.19
2,7.39
2,6.61
2,7.89
2,6.72
2,7.53
2,7.24
2,7.26
2,6.7
2,6.78
2,5.97
2,6.31
2,6.13
2,5.08
2,7.26
2,7.61
2,5.94
2,7.35
2,7.86
2,5.87
2,7.28
2,7.75
2,6.33
2,8.2
2,7.99
2,8.03
2,9
2,6.57
2,7.79
2,5.48
2,6.83
2,9.05
2,7.75
2,6.76
2,6.94
2,8.72
2,7.8
2,6.28
2,6.47
2,6.89
2,7.79
2,6.65
2,6.92
2,7.05
2,6.58
2,6.37
2,5.88
2,6.31
2,7.61
2,5.81
2,7.87
2,7.21
2,6.28
2,6.31
2,7.31
2,7.42
2,7.63
2,5.68
2,7.89
2,6.64
2,7.19
2,6.31
2,4.66
2,6.38
2,6.62
2,7.67
2,6.38
2,7.77
2,5.58
2,8.45
2,7.38
2,7.17
2,6.15
2,5.31
2,7.18
2,7.31
2,6.72
2,5.87
2,8.43
2,7.77
2,6.83
2,6.61
2,7.55
2,7.44
2,7.03
2,6.35
2,7.54
2,7.66
2,8.15
2,8.01
2,8.18
2,7.34
2,6.73
2,7.88
2,7.23
2,8.2
2,7.43
2,5.8
2,7.09
2,6.84
2,7.42
2,5.93
2,6.82
2,6.36
2,6.52
2,6.84
2,7.58
2,6.52
2,7.02
2,8.87
2,6.72
2,8.29
2,8.09
2,7
3,8.75
3,8.38
3,7.38
3,7.46
3,8.71
3,7.55
3,7.06
3,6.51
3,5.86
3,8.29
3,7.62
3,7.55
3,7.61
3,7.93
3,7.75
3,7.18
3,7.18
3,8.11
3,7.55
3,7.39
3,6.1
3,7.62
3,7.27
3,6.57
3,7.61
3,7.3
3,6.82
3,6.88
3,8.51
3,7.36
3,6.73
3,7.61
3,6.89
3,6.97
3,8.14
3,7.41
3,8.69
3,7.83
3,7.49
3,7.1
3,6.71
3,7.85
3,7.24
3,8.08
3,7.28
3,6.54
3,7.49
3,6.63
3,7.37
3,7.97
3,6.88
3,6.67
3,7.52
3,7.07
3,6.46
3,7.28
3,6.53
3,8.42
3,7.79
3,7.71
3,8.29
3,6.66
3,6.15
3,6.9
3,6.79
3,7.14
3,5.27
3,7.91
3,7.03
3,7.09
3,7.39
3,6.67
3,7.02
3,7.04
3,6.54
3,7.16
3,6.15
3,8.35
3,6.55
3,7.9
3,8.52
3,9.02
3,5.99
3,6.11
3,6.1
3,7.62
3,7.78
3,6.84
3,8.03
3,6.53
3,7.89
3,7.22
3,6.54
3,7.31
3,7.21
3,7.74
3,6.39
3,7.19
3,6.81
3,6.69
3,6.37
3,6.64
3,6
3,5.93
3,6.71
3,7.38
3,7.07
3,6.37
3,6.67
3,6.01
3,5.29
3,7.18
3,7.21
3,7.56
3,7.45
3,6.82
3,6.12
3,7.59
3,6.06
3,7.1
3,6.16
3,8.17
3,8.62
3,7.16
3,8.11
3,8.7
3,6.2
3,6.85
3,7.88
3,7.04
3,5.56
3,5.99
3,6.64
3,7.61
3,6.98
3,6.36
3,6.94
3,6.45
3,5.57
3,5.65
3,6.01
3,7.45
3,6.69
3,6.57
3,5.09
3,6.81
3,7.07
3,6.32
3,6.98
3,8.18
3,7.7
3,5.87
3,5.84
3,6.19
3,8.06
3,6.17
3,7.37
3,6.51
3,6.65
3,7.95
3,7.56
3,6.72
3,8.43
3,5.41
3,8.37
3,6.49
3,6.32
3,7.27
3,6.02
3,7.23
3,6.83
3,8.26
3,7.99
3,8.07
3,7.75
3,8.11
3,7.57
3,7.86
3,8.27
3,6.57
3,6.4
3,7.07
3,5.78
3,8.91
3,7.36
3,7.7
3,8.27
3,6.5
3,6.31
3,7.13
3,7.2
3,6.89
3,7.46
3,5.96
3,6.9
3,8.05
3,8.11
3,7.61
3,7.78
3,6.12
3,8.09
3,8.08
3,7.84
3,6.94
3,6.82
3,7.54
3,7.28
3,7.83
3,8.53
3,3.22
3,7.1
3,7.19
3,7.36
3,7.58
3,7.05
3,7.66
3,6.31
3,7.51
3,7.27
3,6.87
3,7.71
3,7.13
3,8.33
3,9.1
3,7.46
3,8.39
3,6.17
3,7.22
3,7.66
3,7.76
3,7.23
3,7.23
3,8.48
3,7.3
3,7.43
3,8.31
3,7.55
3,6.06
3,7.14
3,8.11
3,7.2
3,7.63
3,7.17
3,7.15
3,7.38
3,6.83
3,7.04
3,7.21
3,7.92
3,8.52
3,6.51
3,6.25
3,7.73
3,8.57
3,7.52
3,7.85
3,8.05
3,6.24
3,7.71
3,7.56
3,7.72
3,6.82
3,6.29
3,7.35
3,7.35
3,7.23
3,7.53
3,7.26
3,7.78
3,8.37
3,7.83
3,6.47
3,7.81
3,6.29
3,7.55
3,7.41
3,7.76
3,8.28
3,7.56
3,7.51
3,8.25
3,7
3,6.53
3,7.48
3,6.58
3,7.95
3,7.49
3,7.42
3,7.35
3,7.48
3,6.75
3,7.11
3,8.14
3,6.72
3,8.55
3,7.43
3,7.93
3,7.83
3,7.24
3,6.37
3,8.28
3,7.01
3,7.31
3,6.92
3,8.34
3,7.29
3,7.54
3,7.89
3,8
3,6.44
3,7.46
3,7.28
3,7.22
3,7.16
3,7.93
3,7.47
3,7.29
3,8.02
3,7.14
3,6.67
3,8.54
3,6.84
3,7.21
3,7.13
3,8.77
3,7.44
3,7.33
3,8.33
3,7.26
3,7.87
3,7.43
3,6.09
3,7.19
3,7.48
3,7.34
3,7.43
3,7.34
3,6.88
3,6.42
3,6.6
3,6.67
3,7.28
3,6.62
3,7.26
3,7.09
3,7.69
3,7.22
3,8.1
3,6.64
3,7.71
3,6.54
3,7.61
3,7.68
3,7.62
3,7.93
3,5.67
3,8.07
3,7.47
3,8.19
3,7.79
3,8.34
3,6.05
3,6.78
3,6.95
3,7
3,7.39
3,7.98
3,7.4
3,8.1
3,7.35
3,8.06
3,6.48
3,7.35
3,6.6
3,7.74
3,7.85
3,6.82
3,7.17
3,7.6
3,7.12
3,7.6
3,6.51
3,7.62
3,7.29
3,7.72
3,7.41
3,6.43
3,8.17
3,6.05
3,7.39
3,8.5
3,8.44
3,7.04
3,7.49
3,7.12
3,7.43
3,7.2
3,6.92
3,7.97
3,8.06
3,7.02
3,8.09
3,8.15
3,7.66
3,6.58
3,7.25
3,7.27
3,8.32
3,7.69
3,7.62
3,7.76
3,7.23
3,5.74
3,7.91
3,6.22
3,5.62
3,7.42
3,8.5
3,7.44
3,6.32
3,6.74
3,7.44
3,7.22
3,7.24
3,6.82
3,8.31
3,6.56
3,7.19
3,7.94
3,8.45
3,6.89
3,8.23
3,8.05
3,7.9
3,7.03
3,6.65
3,7.76
3,7.82
3,7.4
3,7.72
3,8.58
3,8.79
3,7.65
3,8.25
3,7.65
3,7.58
3,8.5
3,7.14
3,7.63
3,5.38
3,7.7
3,5.49
3,7.96
3,8.19
3,7.46
3,7.14
3,7.83
3,6.96
3,8.5
3,8.68
3,8.23
3,6.62
3,7.58
3,6.75
3,5.78
3,6.51
3,6.56
3,7.5
3,7.22
3,6.4
3,7.91
3,7.79
3,7.83
3,8.66
3,7.19
3,7.24
3,6.59
3,7.6
3,7.76
3,6.54
3,7.6
3,7.69
3,8.88
3,6.13
3,7.44
3,8.62
3,7.37
3,6.84
3,5.52
3,6.96
3,6.44
3,5.05
3,7.87
3,6.47
3,7.13
3,6.52
3,6.91
3,7.56
3,6.37
3,5.97
3,5.94
3,6.99
3,7.88
3,7.19
3,5.65
3,7.83
3,8.63
3,7.44
3,5.42
3,8.45
3,7.2
3,7.42
3,6.28
3,7.07
3,6.82
3,6.55
3,8.16
3,8.37
3,8.24
3,8.74
3,6.44
3,6.74
3,6.55
3,7.92
3,8.51
3,6.43
3,7.51
3,6.33
3,8.24
3,8.58
3,8.5
3,6.87
3,6.89
3,7.09
3,7.21
3,8.17
3,9.05
3,6.11
3,6.29
3,7.23
3,7.49
3,6.46
3,6.71
3,7.38
3,7.13
3,6.91
3,6.99
3,8.37
3,5.8
3,7.58
3,5.3
3,5.9
3,7.42
3,7.81
3,8.8
3,7.84
3,8.45
3,6.5
3,8.01
3,8.62
3,7.38
3,7.35
3,7.48
3,7.55
3,8.81
3,8.2
3,8.64
3,6.8
3,7.78
3,7.39
3,8.16
3,7.2
3,8.66
3,6.45
3,6.62
3,7.6
3,7.78
3,9.07
3,7.18
3,7.63
3,8.27
3,6.73
3,8.7
3,8.41
3,6.8
3,7.71
3,8.8
3,8.33
3,8.48
3,7.91
3,5.12
3,7.12
3,8.2
3,7.3
3,6.07
3,7.71
3,8.49
3,7.63
3,7.01
3,8.24
3,7.58
4,8.87
4,7.76
4,8.55
4,8.56
4,8.27
4,8.16
4,6.27
4,7.03
4,6.56
4,7.03
4,6.15
4,6.71
4,7.18
4,7.1
4,7.4
4,6.74
4,7.31
4,7.2
4,7.76
4,6.65
4,7.48
4,6.38
4,6.39
4,8.04
4,7.19
4,5.85
4,7.15
4,7.14
4,6
4,5.28
4,7.23
4,5.97
4,7.67
4,7.23
4,5.93
4,7.16
4,6.74
4,7.14
4,6.32
4,6.99
4,7.03
4,7.84
4,6.68
4,6.52
4,7.2
4,5.51
4,8.54
4,7.64
4,6.1
4,6.24
4,6.61
4,6.81
4,7.05
4,6.56
4,7
4,7.61
4,7.63
4,7.27
4,6.75
4,6.27
4,6.65
4,6.52
4,6.2
4,5.89
4,7.06
4,6.26
4,7.61
4,6.92
4,5.98
4,6.76
4,7.21
4,7.44
4,5.76
4,6.34
4,6.08
4,6.39
4,7.12
4,4.31
4,6.13
4,6.45
4,5.5
4,6.14
4,7.31
4,5.94
4,7.49
4,6.85
4,8.54
4,7.51
4,7.07
4,7.87
4,7.96
4,5.79
4,7.62
4,7.06
4,6.97
4,7.33
4,6.99
4,7.1
4,6.44
4,6.77
4,7.01
4,6.49
4,7.2
4,7.31
4,5.9
4,6.42
4,5.99
4,6.56
4,6.36
4,6.66
4,5.56
4,8.31
4,7.7
4,6.91
4,5.65
4,5.88
4,5.8
4,5.91
4,5.47
4,6.23
4,5.32
4,5.01
4,7.36
4,6.33
4,6.39
4,6.97
4,5.18
4,5.47
4,6.24
4,7.31
4,6.54
4,5.95
4,6.94
4,6.8
4,7.33
4,5.84
4,5.72
4,6.27
4,4.7
4,8.19
4,6.88
4,6.11
4,4.57
4,7.05
4,4.96
4,7.02
4,7.24
4,5.7
4,6.6
4,6.01
4,5.97
4,4.76
4,7.27
4,6.44
4,6.72
4,6.4
4,6.77
4,6.31
4,6.31
4,5.49
4,6.78
4,7.74
4,5.33
4,5.77
4,6.1
4,5.95
4,6.43
4,6.79
4,7.03
4,6.75
4,4.13
4,6.58
4,6.19
4,6.39
4,6.33
4,6.3
4,6.13
4,5.64
4,5.8
4,6.23
4,5.89
4,7.37
4,6.17
4,6.12
4,5.6
4,7.16
4,7.03
4,6.52
4,6.03
4,7.66
4,7.08
4,5.53
4,6.66
4,6.61
4,6.66
4,5.58
4,5.34
4,7.7
4,5.09
4,5.41
4,6.34
4,6.82
4,5.81
4,6.75
4,6.58
4,6.24
4,5.54
4,7.26
4,8.12
4,6.19
4,6.3
4,6.99
4,6.38
4,7.18
4,5.8
4,7
4,5.56
4,6.95
4,7.09
4,8.14
4,8.02
4,5.86
4,7.52
4,5.31
4,7.04
4,5.12
4,6.72
4,6.56
4,8.57
4,7.98
4,6.13
4,6.39
4,6.4
4,8.02
4,5.29
4,4.59
4,7.06
4,6.33
4,7.28
4,7.05
4,6.6
4,6.49
4,7.94
4,6.39
4,7.75
4,5.58
4,6.66
4,6.62
4,6.79
4,6.58
4,6.84
4,6.05
4,7.29
4,6.37
4,6.35
4,6.89
4,6.53
4,8.28
4,5.96
4,6.99
4,6.28
4,6.74
4,6.56
4,6.72
4,6.03
4,6.13
4,6.64
4,6.86
4,6.96
4,7.07
4,7.43
4,6.77
4,6.53
4,6.48
4,6.89
4,6.38
4,6.61
4,6.8
4,6.62
4,6.74
4,6.65
4,6.32
4,6.5
4,7.23
4,7.7
4,7.03
4,5.34
4,7.42
4,7.33
4,7.16
4,7.16
4,6.83
4,8.33
4,5.93
4,7.09
4,6.59
4,7.28
4,7.34
4,5.76
4,6.84
4,6.25
4,7.4
4,7.87
4,8.2
4,6.55
4,6.46
4,7.8
4,6.17
4,7.49
4,6.55
4,6.74
4,7.77
4,7.9
4,7.27
4,6.51
4,7.3
4,7.43
4,6.07
4,7.03
4,6.18
4,6.44
4,6.44
4,7.33
4,5.69
4,6.72
4,7.43
4,7.48
4,6.14
4,5.93
4,7.21
4,7.05
4,7.48
4,6.83
4,6.72
4,7.04
4,6.82
4,6.55
4,7.64
4,6.43
4,6.71
4,6.86
4,6.86
4,6.13
4,6.71
4,7.12
4,7.81
4,6.12
4,6.59
4,7.42
4,5.98
4,6.32
4,6.89
4,7.55
4,6.58
4,7.44
4,7.84
4,7.24
4,5.73
4,7.61
4,6.49
4,6.97
4,6.81
4,6.76
4,6.05
4,7.13
4,5.11
4,7.36
4,6.72
4,7.56
4,7.56
4,6.13
4,5.36
4,6.99
4,6.3
4,6.8
4,6.79
4,7.14
4,7.06
4,6.51
4,5.75
4,7.05
4,7.86
4,7.25
4,6.43
4,8.19
4,6.98
4,6.56
4,6.3
4,7.01
4,5.24
4,5.48
4,6.93
4,6.67
4,6.28
4,5.55
4,7.44
4,7.43
4,5.74
4,7.06
4,5.75
4,6.32
4,6.52
4,5.93
4,6.57
4,5.12
4,6.72
4,7.37
